{
  "analysis_type": "comprehensive_expert_statistics",
  "num_layers": 6,
  "num_experts": 128,
  "metrics_included": [
    "mean",
    "std",
    "coefficient_of_variation",
    "entropy_bits",
    "min_usage",
    "max_usage",
    "skewness",
    "kurtosis",
    "median",
    "q25",
    "q75",
    "iqr",
    "active_experts",
    "expert_diversity",
    "total_usage",
    "zero_usage_experts"
  ],
  "layer_statistics": {
    "1": {
      "layer_id": 1,
      "mean": 1.6015625,
      "std": 1.3307648397045024,
      "coefficient_of_variation": 0.8309165828398845,
      "entropy_bits": 6.3968156045043045,
      "min_usage": 0,
      "max_usage": 6,
      "skewness": 0.6366476181775499,
      "kurtosis": 0.10370832867975599,
      "median": 2.0,
      "q25": 0.0,
      "q75": 2.0,
      "iqr": 2.0,
      "active_experts": 95,
      "expert_diversity": 0.7421875,
      "total_usage": 205,
      "zero_usage_experts": 33
    },
    "3": {
      "layer_id": 3,
      "mean": 1.6015625,
      "std": 3.238778328103631,
      "coefficient_of_variation": 2.02226159023056,
      "entropy_bits": 4.827439482026623,
      "min_usage": 0,
      "max_usage": 16,
      "skewness": 2.2066701438538057,
      "kurtosis": 4.477446717472404,
      "median": 0.0,
      "q25": 0.0,
      "q75": 1.0,
      "iqr": 1.0,
      "active_experts": 33,
      "expert_diversity": 0.2578125,
      "total_usage": 205,
      "zero_usage_experts": 95
    },
    "5": {
      "layer_id": 5,
      "mean": 1.6015625,
      "std": 2.713795323636945,
      "coefficient_of_variation": 1.6944673240269705,
      "entropy_bits": 5.2428342457495205,
      "min_usage": 0,
      "max_usage": 14,
      "skewness": 1.9341006767454048,
      "kurtosis": 3.8418142978099583,
      "median": 0.0,
      "q25": 0.0,
      "q75": 3.0,
      "iqr": 3.0,
      "active_experts": 44,
      "expert_diversity": 0.34375,
      "total_usage": 205,
      "zero_usage_experts": 84
    },
    "7": {
      "layer_id": 7,
      "mean": 1.6015625,
      "std": 2.3195495378615543,
      "coefficient_of_variation": 1.4483041016891656,
      "entropy_bits": 5.634604318328419,
      "min_usage": 0,
      "max_usage": 12,
      "skewness": 1.893222334696552,
      "kurtosis": 4.1243019230224185,
      "median": 0.0,
      "q25": 0.0,
      "q75": 3.0,
      "iqr": 3.0,
      "active_experts": 61,
      "expert_diversity": 0.4765625,
      "total_usage": 205,
      "zero_usage_experts": 67
    },
    "9": {
      "layer_id": 9,
      "mean": 1.6015625,
      "std": 2.3463397150868306,
      "coefficient_of_variation": 1.4650316269810455,
      "entropy_bits": 5.559404097158897,
      "min_usage": 0,
      "max_usage": 10,
      "skewness": 1.485050305937957,
      "kurtosis": 1.2757955804355579,
      "median": 0.0,
      "q25": 0.0,
      "q75": 3.0,
      "iqr": 3.0,
      "active_experts": 58,
      "expert_diversity": 0.453125,
      "total_usage": 205,
      "zero_usage_experts": 70
    },
    "11": {
      "layer_id": 11,
      "mean": 1.6015625,
      "std": 1.6073067717749931,
      "coefficient_of_variation": 1.0035866672546299,
      "entropy_bits": 6.203236705013653,
      "min_usage": 0,
      "max_usage": 6,
      "skewness": 0.9451711013951494,
      "kurtosis": 0.06855720517843888,
      "median": 1.0,
      "q25": 0.0,
      "q75": 3.0,
      "iqr": 3.0,
      "active_experts": 88,
      "expert_diversity": 0.6875,
      "total_usage": 205,
      "zero_usage_experts": 40
    }
  }
}