{
  "analysis_type": "comprehensive_expert_statistics",
  "num_layers": 6,
  "num_experts": 128,
  "metrics_included": [
    "mean",
    "std",
    "coefficient_of_variation",
    "entropy_bits",
    "min_usage",
    "max_usage",
    "skewness",
    "kurtosis",
    "median",
    "q25",
    "q75",
    "iqr",
    "active_experts",
    "expert_diversity",
    "total_usage",
    "zero_usage_experts"
  ],
  "layer_statistics": {
    "1": {
      "layer_id": 1,
      "mean": 1055.5390625,
      "std": 629.3512396501028,
      "coefficient_of_variation": 0.5962368063949341,
      "entropy_bits": 6.772010709682745,
      "min_usage": 0,
      "max_usage": 4881,
      "skewness": 2.1840739649131464,
      "kurtosis": 9.604309270776762,
      "median": 966.5,
      "q25": 649.0,
      "q75": 1304.25,
      "iqr": 655.25,
      "active_experts": 127,
      "expert_diversity": 0.9921875,
      "total_usage": 135109,
      "zero_usage_experts": 1
    },
    "3": {
      "layer_id": 3,
      "mean": 1055.5390625,
      "std": 1750.2248735088647,
      "coefficient_of_variation": 1.6581336832419356,
      "entropy_bits": 6.191205038304916,
      "min_usage": 0,
      "max_usage": 16033,
      "skewness": 6.531325041038325,
      "kurtosis": 48.23173826788513,
      "median": 691.5,
      "q25": 434.5,
      "q75": 1066.25,
      "iqr": 631.75,
      "active_experts": 126,
      "expert_diversity": 0.984375,
      "total_usage": 135109,
      "zero_usage_experts": 2
    },
    "5": {
      "layer_id": 5,
      "mean": 1055.5390625,
      "std": 1245.6366777070757,
      "coefficient_of_variation": 1.1800952915535285,
      "entropy_bits": 6.317997511628582,
      "min_usage": 0,
      "max_usage": 7470,
      "skewness": 2.899786225337497,
      "kurtosis": 9.847945522724867,
      "median": 631.5,
      "q25": 396.75,
      "q75": 1161.5,
      "iqr": 764.75,
      "active_experts": 125,
      "expert_diversity": 0.9765625,
      "total_usage": 135109,
      "zero_usage_experts": 3
    },
    "7": {
      "layer_id": 7,
      "mean": 1055.5390625,
      "std": 1491.9039633884352,
      "coefficient_of_variation": 1.4134047866072557,
      "entropy_bits": 6.058879830307946,
      "min_usage": 0,
      "max_usage": 9406,
      "skewness": 3.0276582165454577,
      "kurtosis": 10.77143372313585,
      "median": 493.0,
      "q25": 260.0,
      "q75": 1236.25,
      "iqr": 976.25,
      "active_experts": 124,
      "expert_diversity": 0.96875,
      "total_usage": 135109,
      "zero_usage_experts": 4
    },
    "9": {
      "layer_id": 9,
      "mean": 1055.5390625,
      "std": 1598.1028396114316,
      "coefficient_of_variation": 1.5140158203396017,
      "entropy_bits": 5.987953866420084,
      "min_usage": 0,
      "max_usage": 9355,
      "skewness": 3.396002494373018,
      "kurtosis": 12.848478669528234,
      "median": 479.0,
      "q25": 218.0,
      "q75": 1347.5,
      "iqr": 1129.5,
      "active_experts": 124,
      "expert_diversity": 0.96875,
      "total_usage": 135109,
      "zero_usage_experts": 4
    },
    "11": {
      "layer_id": 11,
      "mean": 1055.5390625,
      "std": 2350.4704512552635,
      "coefficient_of_variation": 2.2267962738283438,
      "entropy_bits": 5.40084136177416,
      "min_usage": 0,
      "max_usage": 16964,
      "skewness": 4.549159528200042,
      "kurtosis": 22.776362412110824,
      "median": 357.5,
      "q25": 101.75,
      "q75": 895.25,
      "iqr": 793.5,
      "active_experts": 122,
      "expert_diversity": 0.953125,
      "total_usage": 135109,
      "zero_usage_experts": 6
    }
  }
}