{
  "metrics": {
    "hit_rate": 0.935,
    "cache_hit_rate": 0.9128333333333334,
    "miss_rate": 0.065,
    "prediction_accuracy": 0.402,
    "avg_latency_ms": 1.1858404767960062,
    "total_prefetch_time_ms": 18453.930577669526,
    "total_miss_penalty_ms": 1336.9929268606938,
    "memory_utilization": 0.9931640625,
    "event_counts": {
      "miss": 390,
      "cache_hit": 5477,
      "prefetch": 5383,
      "hit": 133,
      "evict": 5660
    },
    "total_events": 17043
  },
  "config": {
    "num_experts": 128,
    "expert_size_mb": 18.0,
    "gpu_memory_limit_mb": 2048,
    "prefetch_k": 10,
    "enable_caching": true
  },
  "transfer_times": {
    "cpu_to_gpu_ms": 3.428186991950497,
    "gpu_to_gpu_ms": 0.07475146907381713,
    "allocation_ms": 0.04619066836312413
  },
  "timing_stats": {
    "total_prefetch_time": 18453.930577669526,
    "total_miss_penalty": 1336.9929268606938,
    "total_cache_hits": 5477,
    "total_cache_misses": 390,
    "total_predictions": 4500,
    "correct_predictions": 1809
  }
}