{
  "cpu_to_gpu": {
    "batch_1": {
      "avg_time_ms": 3.4139361610868946,
      "std_time_ms": 0.059207560354532375,
      "throughput_mb_s": 7908.759486411724,
      "size_mb": 27.0
    },
    "batch_3": {
      "avg_time_ms": 11.936265468830243,
      "std_time_ms": 0.24923899289457768,
      "throughput_mb_s": 6786.042100983702,
      "size_mb": 81.0
    },
    "batch_5": {
      "avg_time_ms": 20.234592029009946,
      "std_time_ms": 0.36818908261231464,
      "throughput_mb_s": 6671.743112312474,
      "size_mb": 135.0
    },
    "batch_10": {
      "avg_time_ms": 40.72606347675901,
      "std_time_ms": 0.612556221107759,
      "throughput_mb_s": 6629.661129759814,
      "size_mb": 270.0
    },
    "batch_20": {
      "avg_time_ms": 82.26832088781521,
      "std_time_ms": 2.048619384394764,
      "throughput_mb_s": 6563.887462056851,
      "size_mb": 540.0
    }
  },
  "gpu_to_gpu": {
    "batch_1": {
      "avg_time_ms": 0.07448396761901677,
      "std_time_ms": 0.000671560711569,
      "throughput_mb_s": 362494.11602378887,
      "size_mb": 27.0
    },
    "batch_3": {
      "avg_time_ms": 0.20844698185101151,
      "std_time_ms": 0.0004196785512971936,
      "throughput_mb_s": 388588.0202280652,
      "size_mb": 81.0
    },
    "batch_5": {
      "avg_time_ms": 0.3426828153897077,
      "std_time_ms": 0.0006257492080021379,
      "throughput_mb_s": 393950.30604751664,
      "size_mb": 135.0
    },
    "batch_10": {
      "avg_time_ms": 0.6784867960959673,
      "std_time_ms": 0.0021031643796100646,
      "throughput_mb_s": 397944.3690777593,
      "size_mb": 270.0
    },
    "batch_20": {
      "avg_time_ms": 1.3505936390720308,
      "std_time_ms": 0.0019753843235287716,
      "throughput_mb_s": 399824.1842535439,
      "size_mb": 540.0
    }
  },
  "gpu_allocation": {
    "batch_1": {
      "avg_time_ms": 0.04527876910287887,
      "std_time_ms": 0.002030389106157415,
      "size_mb": 27.0
    },
    "batch_3": {
      "avg_time_ms": 0.11405984114389867,
      "std_time_ms": 0.0012717012419303458,
      "size_mb": 81.0
    },
    "batch_5": {
      "avg_time_ms": 0.18430363677907735,
      "std_time_ms": 0.011050481197928588,
      "size_mb": 135.0
    },
    "batch_10": {
      "avg_time_ms": 0.3571673179976642,
      "std_time_ms": 0.002869455135913298,
      "size_mb": 270.0
    },
    "batch_20": {
      "avg_time_ms": 0.7027850492158905,
      "std_time_ms": 0.003728171337363442,
      "size_mb": 540.0
    }
  },
  "system_info": {
    "device": "cuda",
    "gpu_name": "NVIDIA GeForce RTX 3090",
    "gpu_memory_gb": 23.56072998046875,
    "expert_size_mb": 27.0,
    "model_dim": 768,
    "ff_dim": 3072
  }
}