{
  "batch_1_experts_1": {
    "batch_size": 1,
    "expert_count": 1,
    "computation": {
      "mean": 0.5062372219981626,
      "std": 0.011243060725666514,
      "median": 0.4996435309294611,
      "ci_lower": 0.5039951161336321,
      "ci_upper": 0.508479327862693,
      "min": 0.49127102829515934,
      "max": 0.5415200139395893
    },
    "memory_transfer": {
      "mean": 3.4884171915473416,
      "std": 0.2630626655679029,
      "median": 3.368910023709759,
      "ci_lower": 3.4359568909583444,
      "ci_upper": 3.540877492136339,
      "min": 3.3101419685408473,
      "max": 4.592265002429485
    },
    "total": {
      "mean": 3.9586282684467733,
      "std": 0.2019139820134907,
      "median": 3.8698014977853745
    },
    "statistical_tests": {
      "t_statistic": -112.6927413961356,
      "p_value": 1.5334765988351678e-181,
      "cohens_d": -16.017448795822446,
      "significant": true
    },
    "dominance": "memory_transfer",
    "dominance_ratio": 6.890874554380363
  },
  "batch_1_experts_10": {
    "batch_size": 1,
    "expert_count": 10,
    "computation": {
      "mean": 0.49573998141568154,
      "std": 0.010664464217799331,
      "median": 0.5003380065318197,
      "ci_lower": 0.49361326002297234,
      "ci_upper": 0.49786670280839074,
      "min": 0.47745200572535396,
      "max": 0.5281440098769963
    },
    "memory_transfer": {
      "mean": 40.46100949170068,
      "std": 0.9588594557447943,
      "median": 40.17545600072481,
      "ci_lower": 40.269792485812054,
      "ci_upper": 40.652226497589304,
      "min": 39.80149497510865,
      "max": 45.419900969136506
    },
    "total": {
      "mean": 40.84459167032037,
      "std": 0.7142282490364116,
      "median": 40.660818020114675
    },
    "statistical_tests": {
      "t_statistic": -414.6851931248322,
      "p_value": 5.826601457887843e-293,
      "cohens_d": -58.940786824185935,
      "significant": true
    },
    "dominance": "memory_transfer",
    "dominance_ratio": 81.61740228447266
  },
  "batch_2_experts_1": {
    "batch_size": 2,
    "expert_count": 1,
    "computation": {
      "mean": 1.00924895319622,
      "std": 0.05236452920282386,
      "median": 1.031912979669869,
      "ci_lower": 0.9988063503424435,
      "ci_upper": 1.0196915560499966,
      "min": 0.8974920492619276,
      "max": 1.068274024873972
    },
    "memory_transfer": {
      "mean": 7.540285252616741,
      "std": 0.22421860254350934,
      "median": 7.4712265050038695,
      "ci_lower": 7.495571285845044,
      "ci_upper": 7.584999219388438,
      "min": 7.301231031306088,
      "max": 8.953034994192421
    },
    "total": {
      "mean": 8.414795112912543,
      "std": 0.16752728833089078,
      "median": 8.36057250853628
    },
    "statistical_tests": {
      "t_statistic": -282.2254089665808,
      "p_value": 6.290284557607404e-260,
      "cohens_d": -40.11377291028677,
      "significant": true
    },
    "dominance": "memory_transfer",
    "dominance_ratio": 7.471184615785026
  },
  "batch_2_experts_10": {
    "batch_size": 2,
    "expert_count": 10,
    "computation": {
      "mean": 0.9737598896026611,
      "std": 0.033699882004305064,
      "median": 0.9731970203574747,
      "ci_lower": 0.9670394150878036,
      "ci_upper": 0.9804803641175187,
      "min": 0.8981419960036874,
      "max": 1.0461460333317518
    },
    "memory_transfer": {
      "mean": 80.60512022930197,
      "std": 0.9091065464253345,
      "median": 80.31338950968347,
      "ci_lower": 80.42382501361662,
      "ci_upper": 80.78641544498733,
      "min": 79.8253400134854,
      "max": 86.29650098737329
    },
    "total": {
      "mean": 77.80172912753187,
      "std": 1.2198687837603532,
      "median": 77.40553247276694
    },
    "statistical_tests": {
      "t_statistic": -870.9410562874351,
      "p_value": 0.0,
      "cohens_d": -123.79017140266212,
      "significant": true
    },
    "dominance": "memory_transfer",
    "dominance_ratio": 82.77720317910463
  },
  "batch_4_experts_1": {
    "batch_size": 4,
    "expert_count": 1,
    "computation": {
      "mean": 1.994493060046807,
      "std": 0.07133195342651412,
      "median": 2.0103124843444675,
      "ci_lower": 1.9802679486640238,
      "ci_upper": 2.00871817142959,
      "min": 1.7753459978848696,
      "max": 2.0636350382119417
    },
    "memory_transfer": {
      "mean": 15.95467668317724,
      "std": 0.3250264809476419,
      "median": 15.860487008467317,
      "ci_lower": 15.889859477538852,
      "ci_upper": 16.019493888815628,
      "min": 15.655852039344609,
      "max": 17.41192297777161
    },
    "total": {
      "mean": 17.737866222159937,
      "std": 0.565158146946233,
      "median": 17.604758962988853
    },
    "statistical_tests": {
      "t_statistic": -417.42184589247427,
      "p_value": 1.586508816517378e-293,
      "cohens_d": -59.329757711171155,
      "significant": true
    },
    "dominance": "memory_transfer",
    "dominance_ratio": 7.999364351161399
  },
  "batch_4_experts_10": {
    "batch_size": 4,
    "expert_count": 10,
    "computation": {
      "mean": 2.0059402502374724,
      "std": 0.0572036573735625,
      "median": 2.008640003623441,
      "ci_lower": 1.9945326221191733,
      "ci_upper": 2.0173478783557712,
      "min": 1.7750910483300686,
      "max": 2.091073023620993
    },
    "memory_transfer": {
      "mean": 137.11939266999252,
      "std": 1.3288565035835527,
      "median": 136.7931475106161,
      "ci_lower": 136.8543903692398,
      "ci_upper": 137.38439497074523,
      "min": 135.93178300652653,
      "max": 148.39479903457686
    },
    "total": {
      "mean": 151.68335267342627,
      "std": 2.219597363493793,
      "median": 151.07452298980206
    },
    "statistical_tests": {
      "t_statistic": -1010.7321633947669,
      "p_value": 0.0,
      "cohens_d": -143.65921418628014,
      "significant": true
    },
    "dominance": "memory_transfer",
    "dominance_ratio": 68.35666847691984
  }
}